title,minutes
"Dick Johnson Is Dead",90
"My Little Pony: A New Generation",91
Sankofa,125
"The Starling",104
"Je Suis Karl",127
"Confessions of an Invisible Girl",91
"Europe's Most Dangerous Man: Otto Skorzeny in Spain",67
Intrusion,94
"Avvai Shanmughi",161
"Go! Go! Cory Carson: Chrissy Takes the Wheel",61
Jeans,166
"Minsara Kanavu",147
"Grown Ups",103
"Dark Skies",97
Paranoia,106
"Ankahi Kahaniya",111
"The Father Who Moves Mountains",110
"The Stronghold",105
"Birth of the Dragon",96
Jaws,124
"Jaws 2",116
"Jaws 3",98
"Jaws: The Revenge",91
"My Heroes Were Cowboys",23
"Safe House",115
"Training Day",122
"InuYasha the Movie 2: The Castle Beyond the Looking Glass",99
"InuYasha the Movie 3: Swords of an Honorable Ruler",99
"InuYasha the Movie 4: Fire on the Mystic Island",88
"InuYasha the Movie: Affections Touching Across Time",100
"Naruto Shippuden the Movie: Blood Prison",102
"Naruto Shippûden the Movie: Bonds",93
"Naruto Shippûden the Movie: The Will of Fire",96
"Naruto Shippuden: The Movie",95
"Naruto Shippuden: The Movie: The Lost Tower",85
"Naruto the Movie 2: Legend of the Stone of Gelel",97
"Naruto the Movie 3: Guardians of the Crescent Moon Kingdom",95
"Naruto the Movie: Ninja Clash in the Land of Snow",83
Nightbooks,103
Schumacher,113
"A StoryBots Space Adventure",13
"King of Boys",182
"You vs. Wild: Out Cold",106
"Little Singham - Black Shadow",48
"Tughlaq Durbar",145
"Tughlaq Durbar (Telugu)",145
"Firedrake the Silver Dragon",93
Kate,106
"Omo Ghetto: the Saga",147
Prey,87
"Blood Brothers: Malcolm X & Muhammad Ali",96
"Paradise Hills",95
"The Women and the Murderer",92
JJ+E,91
"Show Dogs",90
"If I Leave Here Tomorrow: A Film About Lynyrd Skynyrd",97
"Untold: Breaking Point",80
"Shadow Parties",117
"Angamaly Diaries",128
"A Champion Heart",90
Worth,119
"Afterlife of the Party",110
Anjaam,143
"Bright Star",119
Dhanak,114
"Final Account",94
Gurgaon,106
"Here and There",99
"In the Cut",118
Shikara,115
"A Cinderella Story",95
"Agatha Christie's Crooked House",115
"An Unfinished Life",108
"Barbie Big City Big Dreams",63
"Blade Runner: The Final Cut",117
Chappie,121
"Clear and Present Danger",142
Cliffhanger,113
"Cold Mountain",154
"Crocodile Dundee in Los Angeles",95
"Dear John",108
"Do the Right Thing",120
"El patrón, radiografía de un crimen",100
Extraction,82
"Freedom Writers",124
"Green Lantern",114
"House Party",104
"House Party 2",94
"House Party 3",94
"I Got the Hook Up",93
"In Too Deep",97
"Initial D",109
"Janoskians: Untold and Untrue",88
Labyrinth,101
"Letters to Juliet",105
"Level 16",102
"Love Don't Cost a Thing",101
"Love in a Puff",103
"Mars Attacks!",106
Marshall,118
"My Boss's Daughter",86
"Mystery Men",121
"Once Upon a Time in America",229
"Open Season 2",76
"Osmosis Jones",95
Poseidon,98
"Rhyme & Reason",89
"Same Kind of Different as Me",120
"School of Rock",110
"Snervous Tyler Oakley",83
"Tears of the Sun",121
"The Blue Lagoon",105
"The Golden Child",94
"The Guns of Navarone",156
"The Interview",112
"The Nutty Professor",95
"The Nutty Professor II: The Klumps",107
"Welcome Home Roscoe Jenkins",114
"In the Line of Fire",129
"Untold: Crime & Penalties",86
"2 Alone in Paris",97
Thimmarusu,125
"Wind River",107
"C Kkompany",127
"EMI: Liya Hai To Chukana Padega",128
"He's All That",92
"Koi Aap Sa",135
"Krishna Cottage",124
"Kucch To Hai",136
"Kyaa Kool Hai Hum",165
"Kyaa Kool Hain Hum 3",124
"Kyaa Super Kool Hain Hum",136
"Kyo Kii... Main Jhuth Nahin Bolta",150
"LSD: Love, Sex Aur Dhokha",112
"Mission Istaanbul: Darr Ke Aagey Jeet Hai",119
"Once Upon a Time in Mumbaai",133
"Once Upon a Time in Mumbai Dobaara!",142
"Ragini MMS",93
"Ragini MMS 2",113
"SAS: Rise of the Black Swan",124
"Shootout at Lokhandwala",116
"Shor In the City",106
"The Dirty Picture",145
"Bob Ross: Happy Accidents, Betrayal & Greed",93
"Really Love",95
"The November Man",108
"The Old Ways",90
"The River Runner",86
"The Water Man",92
"Count Me In",82
"Untold: Caitlyn Jenner",70
Boomika,122
"Boomika (Hindi)",122
"Boomika (Malayalam)",122
"Boomika (Telugu)",122
"The Witcher: Nightmare of the Wolf",84
Gunshot,96
"Man in Love",115
"Sweet Girl",110
"The Loud House Movie",88
"A Faraway Land",102
"Like Crazy",91
"Black Island",105
Bombay,135
"Memories of a Murderer: The Nilsen Tapes",86
"Nneka The Pretty Serpent",140
"O Kadhal Kanmani",133
"Out of my league",92
Pahuna,82
"The Secret Diary of an Exchange Student",97
"Untold: Deal With the Devil",78
"Walk of Shame",94
"The Piano",121
Unroyal,97
Beckett,110
"Lokillo: Nothing's the Same",64
"Monster Hunter: Legends of the Guild",59
"Brother Jekwu",101
"La diosa del asfalto",127
"Misha and the Wolves",90
"The Kissing Booth 3",114
"The Railway Man",108
"Untold: Malice at the Palace",70
Quartet,98
Slay,86
"Takizawa Kabuki ZERO 2020 The Movie",139
"The Paper Tigers",111
"Quam's Money",115
"The Swarm",102
Vivo,100
"Chennai Express",135
"City of God: 10 Years Later",69
"Esperando la carroza",95
"Lady Boss: The Jackie Collins Story",97
"Tango Feroz",124
'76,118
Aftermath,115
"American Masters: Inventing David Geffen",115
Heavy,104
"Ije: The Journey",106
"Pray Away",102
"Shiny_Flakes: The Teenage Drug Lord",97
Beethoven,87
"Beethoven's 2nd",88
Beowulf,114
"Boyka: Undisputed",90
"Catch Me If You Can",142
"Cloudy with a Chance of Meatballs",90
"Deep Blue Sea",105
"Ferris Bueller's Day Off",103
"Five Feet Apart",116
Freedomland,113
"Good Luck Chuck",99
"I missed you: Director's Cut",96
Inception,148
Magnolia,189
"Major Payne",97
"My Girl",102
"My Girl 2",99
"Open Season: Scared Silly",85
"Pineapple Express",112
"Planet 51",91
Poms,91
Seabiscuit,141
"Space Cowboys",130
"Team America: World Police",98
"The Edge of Seventeen",105
"The Haunting in Connecticut 2: Ghosts of Georgia",101
"The Last Boy Scout",105
"The Lincoln Lawyer",118
"The Losers",97
"The Machinist",102
"The Net",114
"The Original Kings of Comedy",111
"Valentine's Day",125
"The Lost Café",76
"The Vault",118
"Eyes of a Thief",103
"I'm Glad I Did",114
"Pomegranates and Myrrh",95
"Rurouni Kenshin: The Beginning",138
"The Last Mercenary",112
"Flower Girl",94
"Resort to Love",102
Bartkowiak,92
"Fantastic Fungi",81
Department,143
"Hostage House",86
Mimi,132
"The Operative",117
"Django Unchained",165
"A Second Chance:  Rivals!",91
"African America",97
Bankrolled,97
"Blood Red Sky",123
"Kingdom: Ashin of the North",94
"The Last Letter From Your Lover",111
"9to5: The Story of a Movement",85
"Chhota Bheem - Dinosaur World",65
"Chhota Bheem - Neeli Pahaadi",64
"Chhota Bheem & Ganesh",68
"Chhota Bheem & Krishna: Mayanagari",67
"Chhota Bheem & Krishna: Pataliputra- City of the Dead",66
"Chhota Bheem And The Broken Amulet",64
"Chhota Bheem And The Crown of Valhalla",64
"Chhota Bheem and the Incan Adventure",65
"Chhota Bheem and The ShiNobi Secret",64
"Chhota Bheem Aur Hanuman",68
"Chhota Bheem aur Krishna",68
"Chhota Bheem aur Krishna vs Zimbara",64
"Chhota Bheem in African Safari",62
"Chhota Bheem Ka Roosi Romanch",63
"Chhota Bheem: Bheem vs Aliens",69
"Chhota Bheem: Dholakpur to Kathmandu",70
"Chhota Bheem: Dus Pe Dus",63
"Chhota Bheem: Journey to Petra",68
"Chhota Bheem: Master of Shaolin",74
"Chhota Bheem: The Rise of Kirmada",68
Cousins,99
"Wannabe Courageous",90
"Words Bubble Up Like Soda Pop",87
"Sanitation Day",105
"Trollhunters: Rise of the Titans",106
Milkwater,102
"The Tambour of Retribution",91
"Cosmic Sin",88
"2 Weeks in Lagos",107
Deep,101
"Fear Street Part 3: 1666",114
"La ley de Herodes",123
"The Beguiled",94
"The Book of Henry",105
"The Twilight Saga: Breaking Dawn: Part 1",117
"The Twilight Saga: Breaking Dawn: Part 2",115
"The Twilight Saga: Eclipse",124
"The Twilight Saga: New Moon",131
Twilight,122
"A Perfect Fit",113
"Cheech & Chong's Still Smokin",91
"Emicida: AmarElo - Live in São Paulo",100
"Lift Like a Girl",93
"My Amanda",90
"Surf's Up",86
"The Unknown Saint",100
"This Changes Everything",96
"A Classic Horror Story",95
"Gunpowder Milkshake",115
"Private Network: Who Killed Manuel Buendía?",100
"The Guide to the Perfect Family",102
"American Woman",87
"Bridgerton - The Afterparty",39
"Day of Destiny",110
"Born to Play",93
"American Ultra",96
"The Stand-Up",93
"The Tour",93
"Fear Street Part 2: 1978",111
"Finding Hubby",105
"How I Became a Superhero",101
"Last Summer",102
"Lee Su-geun: The Sense Coach",46
"Lethal Love",89
"Ratchet and Clank",94
"Back to Q82",104
"Home Again",97
"Midnight Sun",91
"Rock the Kasbah",106
"Awon Boyz",38
"Brick Mansions",90
Clash,87
"Major Grom: Plague Doctor",138
"Mama Drama",105
"Tango With Me",104
Therapy,85
"This Little Love Of Mine",92
"Three Thieves",108
"A Land Imagined",95
"Har Kisse Ke Hisse: Kaamyaab",105
Rehmataan,116
"Return of the Prodigal Son",124
"Rise: Ini Kalilah",101
"Si Doel the Movie 2",95
"Truckbhar Swapna",128
Ujala,143
"Fear Street Part 1: 1994",107
"Haseen Dillruba",136
"Holiday on Mars",94
"RattleSnake - The Ahanna Story",136
Snowpiercer,126
"The 8th Night",116
Winchester,100
"6 Bullets",115
"Air Force One",125
Audible,39
"Austin Powers in Goldmember",94
"Austin Powers: International Man of Mystery",90
"Austin Powers: The Spy Who Shagged Me",95
"Boogie Nights",155
"Charlie's Angels",98
Congo,108
"Dennis the Menace",96
"Dreamy Eyes",117
"Dynasty Warriors",118
Hampstead,103
"Kung Fu Panda",94
"Kung Fu Panda 2",93
"Life as We Know It",115
"Mary Magdalene",120
"Memoirs of a Geisha",145
"Midnight Run",126
"Mobile Suit Gundam Hathaway",96
"Mortal Kombat",101
"Mother's Day",118
"No Strings Attached",109
"Not Another Teen Movie",89
Ophelia,106
"Pet Sematary 2",101
"Red Joan",101
"Seven Pounds",123
"She's Out of My League",106
"Snow Day",89
"Star Trek",128
"Stuart Little",85
"Sword of Trust",89
"Talladega Nights: The Ballad of Ricky Bobby",108
"The American",105
"The Best of Enemies",133
"The Game",129
"The Karate Kid",127
"The Karate Kid Part II",113
"The Karate Kid Part III",112
"The Life of David Gale",130
"The Long Riders",100
"The Queen",103
"The Strangers",85
"The Sum of All Fears",124
"The Tourist",103
Underworld,121
"Underworld: Awakening",89
"Underworld: Rise of the Lycans",92
Voiceless,112
"What Dreams May Come",114
"Why Do Fools Fall in Love",116
"Working Title",110
"America: The Motion Picture",98
Deranged,98
"Lying and Stealing",100
"Mommy Issues",90
"Prime Time",92
"A Way Back Home",82
"Killing Them Softly",97
Wanted,90
"Into the Wind",76
"Wonder Boy",83
"Here Comes the Rain",101
"The Ice Road",109
"Sisters on Track",97
"The Seventh Day",87
"Good on Paper",94
"Murder by the Coast",89
"The House of Flowers: The Movie",88
Broken,108
"O Vendedor de Sonhos",96
"Osuofia in London",84
"Osuofia in London II",70
#Selfie,125
"#Selfie 69",119
"Love Is a Story",105
"Mobile Suit Gundam II: Soldiers of Sorrow",133
"Mobile Suit Gundam III: Encounters in Space",140
"Mobile Suit Gundam: Char's Counterattack",120
"A Family",135
Fatherhood,111
"Jagame Thandhiram",159
"Kambili: The Whole 30 Yards",119
"Mobile Suit Gundam I",139
"Rurouni Kenshin: The Final",137
"Ali & Ratu Ratu Queens",101
Aziza,13
"Besieged Bread",12
"Fan Girl",101
"Red Snow",96
"Silver Linings Playbook",122
"A Man For The Week End",95
"Biking Borders",89
Lowriders,98
Security,119
"Silver Skates",138
FTA,104
"Headspace: Unwind Your Mind",273
"Life of Crime",101
"Rogue Warfare: Death of a Nation",99
"Sir! No Sir!",84
"The Reason I Jump",82
"Picture a Scientist",97
"The Devil Below",89
"Bling Empire - The Afterparty",36
"Cobra Kai - The Afterparty",34
"To All the Boys: Always and Forever - The Afterparty",36
Sarbath,113
"Skater Girl",110
"Trese After Dark",36
"Wish Dragon",102
"A Haunted House 2",86
"Blind Intersections",91
"Camellia Sisters",117
Copenhagen,99
"Until Midnight",77
Awake,97
"Confusion Na Wa",106
"Tragic Jungle",97
"Vampire Academy",104
"A Private War",110
"Kitty Love: An Homage to Cats",61
"Small Chops",98
"Breaking Boundaries: The Science Of Our Planet",74
"Fireplace 4K: Classic Crackling Fireplace from Fireplace for Your Home",60
"Fireplace 4K: Crackling Birchwood from Fireplace for Your Home",60
"Sweet & Sour",103
"Trippin' with the Kandasamys",94
Xtreme,112
"Alan Saldaña: Locked Up",49
"Dancing Queens",111
"From Stress to Happiness",58
"Myriam Fares: The Journey",72
"The Girl and the Gun",78
"2 Hearts",101
"A Perfect Ending",110
"American Outlaws",94
"And Then Came Lola",70
"Battlefield Earth",118
"Black Holes | The Edge of All We Know",99
Bliss,103
Carnaval,95
Cloudburst,93
"Company of Heroes",101
"Cradle 2 the Grave",101
"Domestic Disturbance",89
Dream/Killer,109
Felon,104
Flipped,90
"Fools Rush In",109
"Gold Statue",145
"Hostel: Part III",88
"I Am Sam",132
"Love Jones",109
"Million Dollar Baby",133
"Mosquita y Mari",85
"Never Back Down 2: The Beatdown",104
"Ninja Assassin",99
"Population 436",93
"Seven Souls in the Skull Castle: Season Moon Jogen",204
"Seven Souls in the Skull Castle: Season Moon Kagen",212
"Sniper: Legacy",98
"Starsky & Hutch",101
"Streets of Fire",94
"Super Monsters: Once Upon a Rhyme",25
Swordfish,99
"The Four Seasons",108
"The Girl King",106
"The Interpreter",128
"The Meddler",104
"The Mirror Has Two Faces",127
"The Outlaw Josey Wales",136
"The Wedding Guest",97
"The Wind",88
"Then Came You",97
"Welcome Home",97
"Bo Burnham: Inside",88
"One Lagos Night",103
"Collateral Beauty",97
"Dog Gone Trouble",88
"Blue Miracle",97
"Ghost Lab",118
"Soy Rada: Serendipity",70
"The Day I lost My Shadow",91
"Baggio: The Divine Ponytail",92
"Gatao - The Last Stray",120
"Nail Bomber: Manhunt",73
"A Place in the Stars",110
Home,94
"Sam Smith: Love Goes - Live at Abbey Road Studios",61
"99 Songs",131
"99 Songs (Tamil)",131
"99 Songs (Telugu)",131
"Army of the Dead",148
"Creating an Army of the Dead",29
Strain,107
678,99
Asmaa,92
"Hating Peter Tatchell",91
"Little Singham Future mein Satakli",47
"Spy Kids: All the Time in the World",88
"Taxi No. 9211",116
Sabotage,109
"Small Town Crime",92
"The Last Days",87
"Amy Tan: Unintended Memoir",101
"Sardar Ka Grandson",140
Sleight,89
Ahaan,81
"Love or Money",116
"Cinema Bandi",99
Ferry,107
"I Am All Girls",107
"Jungle Beat: The Movie",90
"Table Manners",104
"The Strange House",100
"The Upshaws - The Afterparty",32
"The Woman in the Window",102
"Layer Cake",105
"Tottaa Pataaka Item Maal",107
"Wave of Cinema: Filosofi Kopi",64
"Dance of the Forty One",99
Oxygen,102
"Dear Affy",126
"Illegal Woman",119
"Deadly Switch",86
Nayattu,122
Sleepless,95
"Super Me",104
"Have You Ever Seen Fireflies? - Theatre Play",118
"In Our Mothers' Gardens",85
Milestone,98
Monster,99
"The Circle - The Afterparty",35
"Time to Dance",107
Unrest,97
"And Tomorrow the Entire World",112
"Dead Man Down",118
"Framing John DeLorean",109
"The Clovehitch Killer",109
"Aliens Stole My Body",88
"Au coeur des gangs",97
"Best of the Best",97
"Dead Again in Tombstone",99
"Due Date",95
"Fun with Dick & Jane",91
"Green Zone",115
"Hachi: A Dog's Tale",93
"JT LeRoy",109
"Madagascar 3: Europe's Most Wanted",96
"Motu Patlu in Dragon's World",78
"Motu Patlu in the Game of Zones",87
"Motu Patlu in Wonderland",76
"Motu Patlu: Deep Sea Adventure",76
"Motu Patlu: Mission Moon",71
"Mystic River",138
"Never Back Down",113
"S.M.A.R.T Chase",94
"Sitting in Limbo",89
Stargate,121
"State of Play",127
Swiped,94
"The Darkest Hour",89
"The Lovely Bones",136
"The Sweetest Thing",89
"The Whole Nine Yards",99
"The Whole Truth",93
"The Yeti Adventures",85
"Under Siege",102
"Zack and Miri Make a Porno",101
Seven,113
"The Disciple",128
"The Mitchells vs. The Machines",114
"The Strangers: Prey at Night",85
"Things Heard & Seen",121
"Get the Grift",95
"August: Osage County",121
"Battle: Los Angeles",116
"Between Worlds",91
One,149
"Ram Prasad Ki Tehrvi",113
"Shadow and Bone - The Afterparty",33
"Among Family",127
"Dedemin Fisi",101
Deliha,102
"Düğün Dernek",102
"Dügün Dernek 2: Sünnet",107
G.O.R.A,123
"Hayat Öpücügü",98
"Heroes: Silence and Rock & Roll",95
"Kara Bela",101
"Kocan Kadar Konus",104
"Kocan Kadar Konus 2: Dirilis",104
"Legal Hash",103
"My Travel Buddy",111
"Niyazi Gül Dörtnala",102
"One Like It",15
"Perfume Imaginary Museum “Time Warp”",54
"This Lady Called Life",120
Vizontele,106
HOMUNCULUS,116
"Searching For Sheela",58
Stowaway,116
"Wild Dog",126
Oloibiri,86
"Tell Me When",97
"Keymon and Nani in Space Adventure",76
"Motu Patlu Dino Invasion",80
"Motu Patlu in Octupus World",81
"Motu Patlu VS Robo Kids",84
"Rudra: Secret of the Black Moon",87
"Rudra: The Rise of King Pharaoh",91
"Free to Play",76
"Miss Sloane",132
"American Me",126
"Delhi Belly",101
"Dhobi Ghat (Mumbai Diaries)",102
"Jaane Tu... Ya Jaane Na",147
Lagaan,224
"Madness in the Desert",141
"Peepli Live",109
"Taare Zameen Par",162
"Ajeeb Daastaans",142
"Arlo the Alligator Boy",93
"Barbie & Chelsea: The Lost Birthday",60
"Crimson Peak",119
"Dad Stop Embarrassing Me - The Afterparty",37
"Doctor Bello",96
"Four Sisters Before the Wedding",116
"Into the Beat",102
Rush,123
Synchronic,102
"The Zookeeper's Wife",127
"Time Trap",88
"Tuesdays & Fridays",106
"Dark City Beneath the Beat",65
GANTZ:O,96
"Only Mine",88
"Ride or Die",143
"The Master",137
"Time Is Illmatic",75
"Wave of Cinema: One Day We'll Talk About Today",71
"Zoot Suit",103
"The Soul",130
Uppena,145
"Why Did You Kill Me?",84
"Motu Patlu in Hong Kong: Kung Fu Kings 3",84
"Motu Patlu in the City of Gold",77
"Motu Patlu Kung Fu Kings 4 The Challenge of Kung Fu Brothers",86
"Motu Patlu the Superheroes – Super Villains from Mars",79
"Shiva VS Autobots",80
"Shiva: Journey to Plunotaria",81
"Shiva: The Secret World Of Vedas City",78
"New Gods: Nezha Reborn",118
"The Stand-In",102
"Night in Paradise",132
"Ojukokoro: Greed",108
Roohi,133
"Thunder Force",107
"Two Distant Strangers",32
"Story of Kale: When Someone's in Love",78
"Dolly Parton: A MusiCares Tribute",55
"The Last Kids on Earth: Happy Apocalypse to You",92
"Coded Bias",86
Mandela,140
"The Fisherman's Diary",143
"What Lies Below",88
"Escape from Planet Earth",89
Accepted,93
"Air Strike",97
"An American Girl: McKenna Shoots for the Stars",94
"Concrete Cowboy",112
"Cross: Rise of the Villains",100
"God Calling",120
Irul,91
"Just Say Yes",98
"Madame Claude",113
"Wild Child",98
"Woody Woodpecker",91
2012,158
"3 Idiots",164
"Ferrari Ki Sawaari",133
"Ibrahim a Fate to Define",75
Insidious,103
"Into the Grizzly Maze",90
"Kingsglaive: Final Fantasy XV",116
"Legally Blonde",96
"Madam Chief Minister",121
"Maximum Risk",101
"My Fair Lady",173
"S.W.A.T.: Under Siege",89
"Seven Souls in the Skull Castle: Season Bird",182
"Seven Souls in the Skull Castle: Season Flower",181
"Seven Souls in the Skull Castle: Season Wind",185
"Sniper: Ghost Shooter",99
"Starship Troopers: Traitor of Mars",88
Takers,107
"Tersanjung the Movie",114
"The Knight and the Princess",96
"The Pianist",149
"The Stepfather",102
"Universal Soldier: The Return",83
Wazir,98
"White Boy",83
"Yes Man",104
"At Eternity's Gate",111
"Not a Game",98
"7 Yards: The Chris Norton Story",93
"Octonauts & the Ring of Fire",73
"Mandela: Long Walk to Freedom",141
Lawless,116
Marked,21
"A Week Away",98
"Bad Trip",87
"Black Is Beltza",87
Croupier,95
"Elizabeth and Margaret: Love and Loyalty",87
"Keeping the Bees",93
"Ni de coña",97
Pagglait,114
"Caught by a Wave",100
"Secret Magic Control Agency",105
Seaspiracy,90
"Loyiso Gola: Unlearning",60
Philomena,98
"Any Crybabies Around?",108
Hospital,90
"Jiu Jitsu",102
"Reframe THEATER EXPERIENCE with you",84
"The Yin Yang Master",120
"Who's the Boss",106
"Deadly Illusions",115
"Get the Goat",98
"Nate Bargatze: The Greatest Average American",60
Skylines,113
"The Fluffy Movie",101
"The Present",24
"Wave of Cinema: 90's Generation",51
Catch.er,80
"Operation Varsity Blues: The College Admissions Scandal",100
"Get on Up",139
"RebellComedy: Straight Outta the Zoo",74
Savages,131
"C/O Kaadhal",131
"The BFG",118
"The Last Blockbuster",87
Audrey,101
"Çarsi Pazar",97
"Just In Time",92
Mucize,136
"Paper Lives",97
Quiet,103
"Romantik Komedi",110
"Romantik Komedi 2: Bekarlığa Veda",105
"YES DAY",90
"You're Everything To Me",107
"Coven of Sisters",92
"Generasi 90an: Melankolia",94
"The Block Island Sound",99
"Bombay Rose",97
Aelay,151
Dogwashers,108
"Fate of Alakada",113
Sentinelle,81
Mariposa,116
Parker,119
"Safe Haven",116
Moxie,112
"Black or White",121
"Indoo Ki Jawani",115
Banyuki,182
"Biggie: I Got a Story to Tell",98
"Blanche Gardin: The All-Nighter",96
Connected,42
"Dances with Wolves",181
"How to Be Really Bad",100
"LEGO Marvel Spider-Man: Vexed by Venom",22
"Rain Man",134
"Seven Souls in the Skull Castle 2011",177
"Tenacious D in The Pick of Destiny",94
"Bigfoot Family",88
"Captain Fantastic",119
"Crazy About Her",107
Fuga,112
"Ginny & Georgia - The Afterparty",35
"No Escape",103
"Our Idiot Brother",90
"The Girl on the Train",120
"Tony Manero",97
"Who Am I",102
"Geez & Ann",106
"Blue, Painful, Fragile",119
"M8 - When Death Rescues Life",84
"Brian Regan: On the Rocks",58
"Made You Look: A True Story About Fake Art",90
Pelé,109
Red,143
"The Conjuring",112
"The Conjuring 2",134
"Classmates Minus",123
"Fate: The Winx Saga - The Afterparty",36
"Operation Finale",123
"Wave of Cinema: Surat dari Timur",58
"I Care a Lot",118
Love,91
"Perú: Tesoro escondido",76
"Eeb Allay Ooo!",97
"No Escape Room",85
"The Most Unknown",92
"Animals on the Loose: A You vs. Wild Movie",139
"Awara Paagal Deewana",162
"The Resurrection of Gavin Stone",92
"My Teacher, My Obsession",86
"Namaste Wahala",107
Monsoon,85
"Hate by Dani Rovira",83
"Mundina Nildana",104
"To All The Boys: Always And Forever",116
"Xico's Journey",87
"Growing up and other problems",91
"Layla Majnun",119
"Middle of Nowhere",102
"Red Dot",86
"Squared Love",102
"This Is the Life",98
"The Misadventures of Hedi and Cokeman",99
"The World We Make",108
"War Dogs",114
"Monster Run",104
"Blanche Gardin: I talk to myself",88
"Doob: No Bed of Roses",104
"Little Big Women",123
"Malcolm & Marie",106
"Space Sweepers",138
"Strip Down, Rise Up",113
"The Last Paradiso",107
"The Yin-Yang Master: Dream Of Eternity",133
"All My Friends Are Dead",97
"Black Beach",116
"Our Lady of San Juan, Four Centuries of Miracles",123
"Beverly Hills Ninja",89
Rocks,93
"Shutter Island",139
"The Bank Job",112
Zathura,101
Fatima,113
"Hell Fest",89
"Below Zero",107
"Finding ‘Ohana",123
"The Dig",113
"June & Kopi",90
Accomplice,52
"Kilometers and Kilometers",127
"Penguin Bloom",95
"Black Rose",121
"Hire a Woman",108
"She Is",102
"So My Grandma’s a Lesbian!",95
"The Next Three Days",133
"The White Tiger",127
Friendsgiving,95
"The Shadow of Violence",101
"Cut Throat City",123
Sightless,89
Homefront,100
"A Monster Calls",108
"Death of Me",94
"Radium Girls",103
"Double Dad",105
"Outside the Wire",116
"Penguins of Madagascar: The Movie",92
"Pinkfong & Baby Shark's Space Adventure",65
"The Vanished",115
"Tribhanga - Tedhi Medhi Crazy",96
"What Would Sophia Loren Do?",32
"Wish You",102
"Tanda Tanya",102
"The Heartbreak Club",101
"An Imperfect Murder",71
"Al acecho",81
"Chris Rock Total Blackout: The Tamborine Extended Cut",98
"Crack: Cocaine, Corruption & Conspiracy",90
"The Intouchables",112
Apaharan,161
BluffMaster!,129
Charming,85
"Creating The Queen's Gambit",14
Gangaajal,148
"Is Love Enough? Sir",99
"Stuck Apart",97
"100% Halal",101
Leap!,89
"Pieces of a Woman",128
"Ratones Paranoicos: The Band that Rocked Argentina",76
"Tony Parker: The Final Shot",99
"Hello Brother",126
"Playing for Keeps",106
"Asphalt Burning",101
"Bad Grandpa .5",87
"Case 39",111
"Eddie Murphy: Raw",90
"Full Out 2: You Got This!",91
"Gimme Shelter",101
"Good Burger",96
"Good Hair",96
"Into the Wild",148
"London Heist",96
"Mean Girls 2",98
"Mystic Pizza",104
"The Creative Brain",53
"The Minimalists: Less Is Now",54
Unknown,113
"What Happened to Mr. Cha?",102
"What's Eating Gilbert Grape",118
"Alaska Is a Drag",83
"Best of Stand-Up 2020",77
"Bobby Jasoos",116
"Tarung Sarung",116
"Too Handsome to Handle",106
"The Rope Curse 2",105
"Cops and Robbers",8
Rango,110
"Death to 2020",71
DNA,91
"The Magic School Bus Rides Again In the Zone",46
"AK vs AK",109
"Isa Pa with Feelings",102
"We Can Be Heroes",101
Bridezilla,94
"Cemara's Family",110
"Hello, Love, Goodbye",117
"The History of Future Folk",85
"The Midnight Sky",119
"Your Name Engraved Herein",115
"After We Collided",105
"London Hughes: To Catch a D*ck",68
"QLIMAX THE SOURCE",57
"Shaun the Sheep: The Farmer’s Llamas",28
"Ariana grande: excuse me, i love you",98
"The Con Is On",95
"Mohamed Hussein",96
"Rhys Nicholson Live at the Athenaeum",66
"Atlas Shrugged: Part II",112
"Guest House",84
"Ma Rainey's Black Bottom",94
"Ma Rainey's Black Bottom: A Legacy Brought to Screen",32
Mukhsin,98
Rabun,85
