title,seasons
"Blood & Water",2
Ganglands,1
"Jailbirds New Orleans",1
"Kota Factory",2
"Midnight Mass",1
"The Great British Baking Show",9
"Vendetta: Truth, Lies and The Mafia",1
"Bangkok Breaking",1
"Crime Stories: India Detectives",1
"Dear White People",4
"Falsa identidad",2
Jaguar,1
"Monsters Inside: The 24 Faces of Billy Milligan",1
"Resurrection: Ertugrul",5
"Love on the Spectrum",2
"Chicago Party Aunt",1
"Sex Education",3
"Squid Game",1
"Tayo and Little Wizards",1
"Angry Birds",1
"Chhota Bheem",3
"He-Man and the Masters of the Universe",1
"The Smart Money Woman",1
"Castle and Castle",2
Dharmakshetra,1
"Nailed It",6
Numberblocks,6
"Raja Rasoi Aur Anya Kahaniyan",1
"Saved by the Bell",9
"Stories by Rabindranath Tagore",1
"Too Hot To Handle: Latino",1
"Jack Whitehall: Travels with My Father",5
"The World's Most Amazing Vacation Rentals",2
"Yowamushi Pedal",1
Lucifer,6
"Metal Shop Masters",1
"Pokémon Master Journeys: The Series",1
"Titipo Titipo",2
"Mighty Raju",4
"Into the Night",2
"The Circle",3
"Kid Cosmic",2
"Octonauts: Above & Beyond",1
"On the Verge",1
"Tobot Galaxy Detectives",2
"Countdown: Inspiration4 Mission to Space",1
"Tayo the Little Bus",2
Bunk'd,5
"Dive Club",1
"La casa de papel",5
"Money Heist: From Tokyo to Berlin",1
Sharkdog,1
"Heroes of Goo Jit Zu",1
"Hotel Del Luna",1
"Luv Kushh",1
"Pororo - The Little Penguin",3
Q-Force,1
"Brave Animated Series",1
"How to Be a Cowboy",1
"HQ Barbers",1
Kid-E-Cats,2
"Kuroko's Basketball",3
"Major Dad",4
Oldsters,1
"Turning Point: 9/11 and the War on Terror",1
"Sparking Joy",1
"Hometown Cha-Cha-Cha",1
"The Ingenuity of the Househusband",1
"Bread Barbershop",2
D.P.,1
"Deadly Sins",1
"I Heart Arlo",1
"King of Boys: The Return of the King",1
Rebellion,2
"RIDE ON TIME",3
"Titletown High",1
"EDENS ZERO",1
"Family Reunion",4
Clickbait,1
"John of God: The Crimes of a Spiritual Healer",1
"Motel Makeover",1
"Open Your Eyes",1
"Post Mortem: No One Dies in Skarnes",1
"Wheel of Fortune",3
"Oggy Oggy",1
Manifest,3
"Comedy Premium League",1
"Everything Will Be Fine",1
"Korean Cold Noodle Rhapsody",1
"The Chair",1
"Go! Go! Cory Carson",5
"The Defeated",1
"Mother Goose Club",2
"Rascal Does Not Dream of Bunny Girl Senpai",1
"The Creative Indians",1
"Winx Club",2
"Brand New Cherry Flavor",1
"Fast & Furious Spy Racers",5
"Gone for Good",1
"Grace and Frankie",7
"The Kingdom",1
Valeria,2
"AlRawabi School for Girls",1
"Bake Squad",1
"Gabby's Dollhouse",2
"I Need Romance",1
"Las muñecas de la mafia",1
"The Crowned Clown",1
"SHAMAN KING",1
"Hit & Run",1
Navarasa,1
"Car Masters: Rust to Riches",3
"Cocaine Cowboys: The Kings of Miami",1
"Control Z",2
"Cooking With Paris",1
"Autumn's Concerto",1
"Office Girls",1
"The Prince Who Turns into a Frog",1
"Top Secret UFO Projects: Declassified",1
"Two Fathers",1
"You're My Destiny",1
"30 Rock",7
"44 Cats",3
"Darwin’s Game",1
"Friday Night Lights",5
"Hunter X Hunter (2011)",6
Charmed,3
Centaurworld,1
"Glow Up",3
Khawatir,1
"Myth & Mogul: John DeLorean",1
"Outer Banks",2
"Transformers: War for Cybertron: Kingdom",1
"Tattoo Redo",1
"The Flash",7
"The Snitch Cartel: Origins",1
"All American",3
"How to Sell Drugs Online (Fast)",3
"Mighty Express",4
"Plastic Cup Boyz: Laughing My Mask Off!",1
"The Walking Dead",10
"Wynonna Earp",4
"Feels Like Ishq",1
"Masters of the Universe: Revelation",1
"Revelations: The Masters of the Universe: Revelation Aftershow",1
"Sky Rojo",2
"The Movies That Made Us",2
"Chicago Med",5
"Sexy Beasts",1
"Too Hot to Handle: Brazil",1
Okupas,1
"Touch Your Heart",1
Explained,3
"Johnny Test",1
"Naomi Osaka",1
BEASTARS,2
"Her Private Life",1
"Never Have I Ever",2
Heist,1
"My Unorthodox Life",1
"Ridley Jones",1
Atypical,4
Biohackers,2
"How to Become a Tyrant",1
"The Cook of Castamar",1
"Virgin River",3
"Elize Matsunaga: Once Upon a Crime",1
"RESIDENT EVIL: Infinite Darkness",1
"Cat People",1
Dogs,2
"The Mire",2
"The War Next-door",1
"Ask the StoryBots",3
Between,2
Chelsea,2
"Code Lyoko",4
Colony,3
Cuckoo,5
"Derry Girls",2
"Girl from Nowhere",2
"Good Morning Call",2
"I AM A KILLER",2
"I Think You Should Leave with Tim Robinson",2
"Kim's Convenience",5
Larva,3
Marcella,3
"Midnight Diner: Tokyo Stories",2
"My Little Pony: Friendship Is Magic",8
"Orange Is the New Black",7
"Puffin Rock",2
"Richie Rich",2
Scream,3
Shtisel,3
"Some Assembly Required",2
"Tales by Light",3
"Terrace House: Opening New Doors",6
"The A List",2
"The New Legends of Monkey",2
"The Worst Witch",4
Undercover,2
"Workin' Moms",5
"YooHoo to the Rescue",3
"You Are My Spring",1
"We the People",1
"Grey's Anatomy",17
"Big Timber",1
Mortel,2
"Bureau of Magical Things",1
"Generation 56k",1
"Masameer County",1
"Quarantine Tales",1
"Rainbow Rangers",1
"Sailor Moon Crystal",3
"Young Royals",1
"Droppin' Cash: Los Angeles",1
Legend of Exorcism,1
Somos.,1
"Sophie: A Murder in West Cork",1
"The Daily Life of the Immortal King",1
StarBeam,4
"The Seven Deadly Sins",5
Ray,1
Sex/Life,1
"Godzilla Singular Point",1
Jiva!,1
"The Naked Director",2
"The Parisian Agency: Exclusive Properties",1
"Too Hot to Handle",2
"This Is Pop",1
"The Mole",2
"Nevertheless,",1
"Bangkok Love Stories: Innocence",1
"Black Lightning",4
"Call My Agent!",4
Champions,1
"Charité at War",1
"Cleo & Cuquin",2
Deadwind,2
"Gameboys Level-Up Edition",1
Glee,6
"Hap and Leonard",3
"Locked Up",5
"No Time for Shame",1
Pose,2
REA(L)OVE,1
Riverdale,4
"Schitt's Creek",6
"The Assassination of Gianni Versace",1
"The Judgement",1
"The Last Dance",1
"They've Gotta Have Us",1
"Why Are You Like This",1
Elite,4
"Hospital Playlist",2
"So Not Worth It",1
"The Rational Life",1
"Black Summer",2
"Elite Short Stories: Carla Samuel",1
Katla,1
"Record of Ragnarok",1
"The Gift",3
"Elite Short Stories: Omar Ander Alexis",1
"Let's Eat",1
Millennials,3
"Penguin Town",1
"Avengers Climate Conundrum",1
"Beyond Evil",1
"Elite Short Stories: Nadia Guzmán",1
"Power Rangers Dino Fury",1
"Rhyme Time Town",2
"The American Bible Challenge",1
"Elite Short Stories: Guzmán Caye Rebe",1
"Metallica: Some Kind of Monster",1
"Love (ft. Marriage and Divorce)",2
"LEGO Friends: The Power of Friendship",2
Lupin,2
Trese,1
Locombianos,1
"Fresh, Fried & Crispy",1
"L.A.’s Finest",2
"Guru Aur Bhole",2
"Newly Rich, Newly Poor",1
"Feel Good",2
"Human: The World Within",1
"Sweet Tooth",1
"Creator's File: GOLD",1
"Pretty Guardian Sailor Moon Eternal The Movie",1
Summertime,2
"Attack on Titan",1
"Ben & Holly's Little Kingdom",2
Cocomelon,3
"Downton Abbey",6
"Happy Endings",3
"Ouran High School Host Club",1
"Racket Boys",1
"The Adventures of Sonic the Hedgehog",1
"The Platform",3
"Dirty John",2
"The Kominsky Method",3
"The Least Expected Day: Inside the Movistar Team 2019",2
"Word of Honor",1
"Black Space",1
Eden,1
Ragnarok,2
"High on the Hog: How African American Cuisine Transformed America",1
"JoJo's Bizarre Adventure",3
"Mad for Each Other",1
"Master of None",3
"Jurassic World Camp Cretaceous",3
"The Neighbor",2
Special,2
"The Magic School Bus",1
"Who Killed Sara?",2
"Booba: Food Puzzle",1
"Alma Matters",1
Halston,1
Haunted,3
"Love, Death & Robots",2
"Move to Heaven",1
"The Mystic River",1
Castlevania,4
"The Upshaws",1
"Use For My Talent",1
"Money, Explained",1
Mine,1
"Jupiter's Legacy",1
"Sab Jholmaal Hai",2
"Lava Ka Dhaava",1
"The Sons of Sam: A Descent into Darkness",1
"Selena: The Series",2
StartUp,3
"Trash Truck",2
"Angelina Ballerina",2
"Barney and Friends",2
"Miniforce: Super Dino Power",1
"Pet Stars",1
"The Innocent",1
"The Unremarkable Juanquini",2
Yasuke,1
"Headspace Guide to Sleep",1
Sexify,1
Fatma,1
"Let's Fight Ghost",1
"Shadow and Bone",1
"Life in Color with David Attenborough",1
Zero,1
"Izzy's Koala World",2
"Luis Miguel - The Series",2
"PJ Masks",3
"Bakugan: Geogan Rising",1
"Love Naggers",1
"Dancing Angels",1
Durarara!!,1
"Garth Brooks: The Road I’m On",1
"Gilmore Girls",7
"High-Rise Invasion",1
"Next in Fashion",1
"Peasants Rebellion",1
"Power Players",3
"Ricky Zoom",1
"Sonic X",2
"Ajaibnya Cinta",1
"Dad Stop Embarrassing Me!",1
"Fate: The Winx Saga",1
"House of Cards",6
"Indian Matchmaking",1
"Jeffrey Epstein: Filthy Rich",1
"Law School",1
"Living with Yourself",1
Signal,1
Slasher,3
"The Underclass",1
"Unnatural Selection",1
"My Love: Six Stories of True Love",1
"The Baker and the Beauty",1
"Nicky, Ricky, Dicky & Dawn",4
"Don't be the First one",1
"Heaven Official's Blessing",1
"The Way of the Househusband",1
"The Big Day",2
"The Wedding Coach",1
"This Is a Robbery: The World's Biggest Art Heist",1
"Glimpses of a Future",1
"Magical Andes",2
"Murder Maps",2
"Prank Encounters",2
"Secrets of Great British Castles",2
"Worn Stories",1
"Haunted: Latin America",1
"Robocar Poli",2
Yu-Gi-Oh!,1
"Rainbow High",1
"Big Time Rush",4
"Magic for Humans Spain",1
"The Irregulars",1
"DOTA: Dragon's Blood",1
"Pui Pui Molcar",1
"Men on a Mission",6
Navillera,1
"Mighty Morphin Power Rangers",4
"Alien TV",2
"Country Comfort",1
"Formula 1: Drive to Survive",3
"B: The Beginning",2
"Under Suspicion: Uncovering the Wesphael Case",1
"Waffles + Mochi",1
"Abla Fahita: Drama Queen",1
"The Lost Pirate Kingdom",1
"Zero Chill",1
"Love Alarm",2
"Paradise PD",3
"The One",1
Dealer,1
"Last Chance U: Basketball",1
"Marriage or Mortgage",1
"The Houseboat",1
"Bombay Begums",1
"My Way",1
"City of Ghosts",1
"Nevenka: Breaking the Silence",1
"Pokémon Journeys: The Series",4
"Pacific Rim: The Black",1
"Murder Among the Mormons",1
"Word Party",5
"A Perfect Day For Arsenide",1
"TIGER & BUNNY",1
"El final del paraíso",1
"Sin senos sí hay paraíso",3
"The Last Bastion",1
"Age of Samurai: Battle for Japan",1
"Canine Intervention",1
"Ginny & Georgia",1
"Two Sentence Horror Stories",2
"Zindagi in Short",1
Vincenzo,1
"Pitta Kathalu",1
"Tribes of Europa",1
"Hello, Me!",1
Sisyphus,1
"Thus Spoke Kishibe Rohan",1
"Amend: The Fight for America",1
"Behind Her Eyes",1
MeatEater,4
"Good Girls",3
Booba,4
"The Crew",1
"Buried by the Bernards",1
"Chappelle's Show",2
"Nadiya Bakes",1
Capitani,1
"El Chema",1
"Crime Scene: The Vanishing at the Cecil Hotel",1
"Five Came Back: The Reference Films",1
ICarly,2
"The Sinner",3
Hache,2
"Invisible City",1
"Firefly Lane",1
"Pablo Escobar, el patrón del mal",1
"Power Rangers Ninja Steel",2
"Tiffany Haddish Presents: They Ready",2
Heartland,13
"Love Daily",1
"My Dead Ex",1
"The House Arrest of Us",1
"The Unsettling",1
"Total Drama",7
"Zac and Mia",2
"Zig & Sharko",2
"We Are: The Brooklyn Saints",1
50M2,1
BONDING,2
Outlander,4
"Go Dog Go",1
"Blown Away",2
Busted!,3
"Demon Slayer: Kimetsu no Yaiba",1
"Daughter From Another Mother",1
Spycraft,1
"Hello Ninja",4
"Bling Empire",1
"Carmen Sandiego",4
Disenchantment,3
"Henry Danger",3
"The Magicians",5
"Night Stalker: The Hunt for a Serial Killer",1
"Last Tango in Halifax",4
"Inside the World’s Toughest Prisons",5
"Mighty Little Bheem: Kite Festival",1
"Pretend It’s a City",1
"The Idhun Chronicles",2
"Surviving Death",1
"History of Swear Words",1
"Nailed It! Mexico",3
"Korean Pork Belly Rhapsody",1
"QB1: Beyond the Lights",1
"Cobra Kai",3
"Dream Home Makeover",2
"Headspace Guide to Meditation",1
"Jenni Rivera: Mariposa de Barrio",1
Monarca,2
"Running Man",1
"The Cat in the Hat Knows a Lot About That!",1
"The Haunted Hathaways",2
"Chilling Adventures of Sabrina",4
"Best Leftovers Ever!",1
"Dare Me",1
Equinox,1
"SanPa: Sins of the Savior",1
"Still Game",9
"Transformers: War for Cybertron: Earthrise",1
"A Love So Beautiful",1
"Sakho & Mangane",1
"Regiment Diaries",2
Bridgerton,1
"Lovestruck in the City",1
"Rhyme Time Town Singalongs",1
"Shaun the Sheep",2
"Timmy Time",1
"Diamond City",1
"Home for Christmas",2
"Paava Kadhaigal",1
Morphle,2
"Run On",1
"Schulz Saves America",1
"Anitta: Made In Honório",1
"BREAK IT ALL: The History of Rock in Latin America",1
"How To Ruin Christmas",1
"Marvel Anime: Wolverine",1
"Marvel Anime: X-Men",1
"The Ripper",1
"Black Ink Crew New York",2
"Pup Academy",2
"Song Exploder",2
"Teen Mom 2",2
"The Challenge",2
Hilda,2
"Tiny Pretty Things",1
"Children of Adam",1
"Grizzy et les Lemmings",2
"The Mess You Leave Behind",1
"Alice in Borderland",1
Futmalls.com,1
"Masameer Classics",4
"Once Upon a Time",1
"The Big Show Show",2
"The Expanding Universe of Ashley Garcia",3
"The Surgeon's Cut",1
Juman,1
"Mr. Iglesias",3
"100 Days My Prince",1
"Manhunt: Deadly Games",1
"Room 2806: The Accusation",1
Detention,1
"Bhaag Beanie Bhaag",1
"Big Mouth",4
"Kings of Jo'Burg",1
"The Great British Baking Show: Holidays",3
"Alien Worlds",1
"Check The Store Next Door: The Next Chapter",2
"Are You The One",2
Gormiti,1
"Ink Master",2
Octonauts,4
Oddbods,1
"Stargate SG-1",10
"The Bachelorette",1
"The Guest",1
"The Holiday Movies That Made Us",1
"The Repair Shop",1
"The Uncanny Counter",1
"Fabulous Lives of Bollywood Wives",1
"Heartbreak High",7
"Over Christmas",1
"Sugar Rush Christmas",2
"Great Pretender",2
"Before 30",1
Valentino,1
"Strongest Deliveryman",1
"Flavorful Origins",3
"Heart & Soul",1
Mismatched,1
"Voices of Fire",1
"Holiday Home Makeover with Mr. Christmas",1
"The Boss Baby: Back in Business",4
"We Are the Champions",1
"America's Next Top Model",2
"Beyblade Burst Rise",1
"Polly Pocket",2
Survivor,2
"The Crown",4
"American Horror Story",9
"The Minions of Midas",1
Ethos,1
"Graceful Friends",1
"A Queen Is Born",1
"Aunty Donna's Big Ol' House of Fun",1
"The Liberator",1
"Trial 4",1
"A Lion in the House",1
"DASH & LILY",1
"Bakugan: Armored Alliance",1
"Bakugan: Battle Planet",1
"Country Ever After",1
"Wrong Kind of Black",1
"Carmel: Who Killed Maria Marta?",1
Paranormal,1
"Love & Anarchy",1
"Can You Hear Me?",2
"60 Days In",1
"Dawson's Creek",6
"Forged in Fire",1
"Leah Remini: Scientology and the Aftermath",3
"LEGO Jurassic World: Legend of Isla Nublar",1
"LEGO Jurassic World: Secret Exhibit",1
"LEGO Ninjago",2
"LEGO Ninjago: Masters of Spinjitzu",10
"LEGO: CITY Adventures",1
"The Garfield Show",4
"The Good Detective",1
Voice,2
"Afronta! Facing It!",1
"Zumbo's Just Desserts",1
"Kongsuni and Friends",2
"Marvel's Agents of S.H.I.E.L.D.",7
"Somebody Feed Phil",4
"Suburra: Blood on Rome",3
"Blood of Zeus",1
"Chico Bon Bon: Monkey with a Tool Belt",4
"The Devil Punisher",1
Barbarians,1
Move,1
"Stolen Away",1
"The Queen's Gambit",1
"My Next Guest Needs No Introduction With David Letterman",3
"Unsolved Mysteries",2
Start-Up,1
"Grand Army",1
"La Révolution",1
"Someone Has to Die",1
"The Last Kids on Earth",3
"Fireman Sam",4
"Half & Half",4
"One on One",5
"Power Rangers Beast Morphers",2
"Social Distance",1
"The Cabin with Bert Kreischer",1
"Kipo and the Age of Wonderbeasts",3
"Deaf U",1
"The Haunting of Bly Manor",1
"Do Do Sol Sol La La Sol",1
"Private Lives",1
"The 100",7
"To the Lake",1
"Bad Boy Billionaires: India",1
"Pat a Pat Como",1
"Qurious Como",1
"DreamWorks Happy Holidays from Madagascar",1
"Emily in Paris",1
"H2O: Just Add Water",3
Evil,1
"Familiar Wife",1
"Food Wars!: Shokugeki no Soma",2
"Good Morning, Verônica",1
"Journey of an African Colony",1
"Oktoberfest: Beer & Blood",1
"Secreto bien guardado",1
"Sword Art Online",3
"The Parkers",5
"The Unicorn",1
"You Cannot Hide",1
"Black Butler",3
"Man with a Plan",4
Wentworth,8
"Whose Vote Counts, Explained",1
"Van Helsing",4
"The Good Place",4
"A Perfect Crime",1
"Mighty Little Bheem",3
Sneakerheads,1
"The School Nurse Files",1
"The Chef Show",4
"The Playbook",1
"Fukrey Boyzzz",1
Ratched,1
"The American Barbecue Showdown",1
"The Blacklist",7
"Dragon's Dogma",1
"The Last Word",1
Baby,3
Challenger,1
"Criminal: UK",2
Signs,2
"Sing On!",1
"Call the Midwife",9
"Taco Chronicles",2
Buddi,2
"Family Business",2
Girlfriends,8
"The Barrier",1
"The Duchess",1
Greenleaf,5
"Julie and the Phantoms",1
"Get Organized with The Home Edit",1
"La Línea: Shadow of Narco",1
"Record of Youth",1
"Transformers: Cyberverse",2
Cleverman,1
Away,1
"Spirit Riding Free: Riding Academy",2
"Young Wallander",1
"Chef's Table: BBQ",1
"The Witcher: A Look Inside the Episodes",1
"Blue Exorcist",2
Bookmarks,1
Borgen,3
Erased,1
"Felipe Esparza: Bad Decisions",1
H,4
Heidi,1
"Sister, Sister",6
"The Promised Neverland",1
"Thomas and Friends",2
"I AM A KILLER: RELEASED",1
"Masaba Masaba",1
Aggretsuko,3
"Her Mother's Killer",1
"Million Dollar Beach House",1
"Emily's Wonder Lab",1
Trinkets,2
"Baewatch: Parental Guidance",1
"Ojos in d' House",1
Hoops,1
"Rust Valley Restorers",3
Goedam,1
"DeMarcus Family Rules",1
"High Score",1
"Glitch Techs",2
Stranger,2
"Dérè: An African Tale",1
Rita,5
Takki,2
3%,4
"Teenage Bounty Hunters",1
"The Great Heist",1
"The Legend of Korra",4
"Zoids Wild",1
(Un)Well,1
"GAME ON: A Comedy Crossover Event",1
"Terrace House: Tokyo 2019-2020",2
"The Governor",1
"High Seas",3
"Selling Sunset",3
"Sing On! Germany",1
"Tiny Creatures",1
"Wizards: Tales of Arcadia",1
"Word Party Songs",1
"Ever After High",5
"The Rain",3
"World's Most Wanted",1
"Mystery Lab",1
"Immigration Nation",1
Moesha,6
"My Perfect Landing",1
"Nagi-Asu: A Lull in the Sea",1
"The Next Step",1
Toradora!,1
"Transformers Rescue Bots Academy",2
"Get Even",1
"Sugar Rush",3
"The Umbrella Academy",2
"Transformers: War For Cybertron Trilogy",1
"Unlucky Ploy",1
"Last Chance U",5
"Shameless (U.S.)",10
"Sing On! Spain",1
"Sinatra: All or Nothing at All",1
"Fear City: New York vs The Mafia",1
Norsemen,3
"Street Food: Latin America",1
"Killer Women with Piers Morgan",1
Gigantosaurus,1
"Single Wives",1
Cursed,1
"In The Dark",2
"Kissing Game",1
"Dark Desire",1
"Skin Decision: Before and After",1
"Sunny Bunnies",2
"The Business of Drugs",1
"Dating Around: Brazil",1
"Down to Earth with Zac Efron",1
"The Epic Tales of Captain Underpants in Space",1
"The Twelve",1
"Japan Sinks: 2020",1
"The Protector",4
"Was It Love?",1
Stateless,1
Hook,1
"Little Singham",2
"Cable Girls",6
"JU-ON: Origins",1
"Southern Survival",1
"The Baby-Sitters Club",1
"Supermarket Sweep",1
"Warrior Nun",1
"21 Again",1
"A Touch of Green",1
"Abby Hatcher",1
"Say I Do",1
Trotro,1
BNA,1
Homemade,1
Dark,3
"All For Love",1
"Home Game",1
Twogether,1
"Crazy Delicious",1
"Roswell, New Mexico",2
"It's Okay to Not Be Okay",1
Babies,2
"Floor Is Lava",1
"Most Beautiful Thing",2
"The Politician",2
"The Order",2
"The Chase",2
"Alexa & Katie",4
"How to Get Away with Murder",6
"Dating Around",2
"F is for Family",4
"Frank Elstner: Just One Last Question",1
"ONE PIECE",4
"The Search",1
"The Woods",1
Curon,1
"DC's Legends of Tomorrow",5
"Lenox Hill",1
"My Mister",1
"Reality Z",1
"Queen of the South",4
"13 Reasons Why",4
"Queer Eye",5
Supernatural,15
BAKI,3
Alone,1
"Cardcaptor Sakura",2
"Dear My Friends",1
Megalobox,1
"Midnight Diner",3
"My Shy Boss",1
"Revolutionary Love",1
"Space Force",1
"Can't Cope, Won't Cope",2
Dorohedoro,1
"Mako Mermaids: An H2O Adventure",4
Supergirl,5
Betaal,1
Dynasty,3
"History 101",1
"Trailer Park Boys: The Animated Series",2
"Mystic Pop-up Bar",1
"Especial 20 años Fútbol de Primera",1
"The Queen and the Conqueror",1
"Patton Oswalt: I Love Everything",1
"Sweet Magnolias",1
"The Big Flower Fight",1
"Patriot Act with Hasan Minhaj",6
"Boys Over Flowers",1
Iris,1
"Avatar: The Last Airbender",3
"Inhuman Resources",1
"Madam Secretary",6
"Magic for Humans",3
"Parasyte: The Maxim",1
"She-Ra and the Princesses of Power",5
"Sleepless Society: Two Pillows & A Lost Soul",1
"Strangers from Hell",1
"The Wiggles",2
"White Lines",1
"True: Terrific Tales",1
Bordertown,3
"Trial By Media",1
"Dead to Me",2
"Restaurants on the Edge",2
"The Eddy",1
"The Hollow",2
"Scissor Seven",2
"Almost Happy",1
"Hangar 1: The UFO Files",1
Hoarders,1
"The Universe: Ancient Mysteries Solved",1
"WWII in HD",1
Hollywood,1
"Masha and the Bear",4
"Medici: Masters of Florence",3
"Monthly Girls' Nozaki Kun",1
"Oh Yuck",1
Reckoning,1
"DRIFTING DRAGONS",1
"El señor de los Cielos",7
"Good Witch",5
"The Forest of Love: Deep Cut",1
"The Victims' Game",1
Extracurricular,1
"Nadiya’s Time to Eat",1
Tjovitjo,2
"Coronavirus, Explained",1
"The Last Kingdom",4
"My Secret Romance",1
"دفعة القاهرة",1
"After Life",2
"DreamWorks Spooky Stories: Volume 2",1
"Love 101",1
"Ghost in the Shell: SAC_2045",1
"The House of Flowers",3
"Absurd Planet",1
"Win the Wilderness",1
Bleach,5
"Middleditch & Schwartz",1
"Nicky Jam: El Ganador",1
"Cooked with Cannabis",1
"The Midnight Gospel",1
"ChuChu TV Nursery Rhymes & Kids Songs (Hindi)",1
"The King: Eternal Monarch",1
#blackAF,1
"El Dragón: Return of a Warrior",2
Hasmukh,1
"Fary : Hexagone",2
Fauda,3
"The Innocence Files",1
"Brews Brothers",1
"The Trial",1
"Hi Score Girl",2
"The Circle France",1
"El Reemplazante",2
Legacies,2
Community,6
"How to Fix a Drug Scandal",1
"Man Like Mobeen",3
"Pokémon the Series",3
"Saint Seiya",6
"Sunderland 'Til I Die",2
"The Iliza Shlesinger Sketch Show",1
"The Windsors",3
"Well-Intended Love",2
Akbar Birbal,1
"Bal Ganesh",1
"Tree House Tales",1
Rugal,1
Happy!,2
"Ladies Up",1
Ozark,3
"Wassup Man GO!",1
7SEEDS,2
Unorthodox,1
Freud,1
"J-Style Trip",1
"Barbie Dreamhouse Adventures: Go Team Roberts",2
"Archibald's Next Big Thing",2
"Dino Girl Gauko",2
"Greenhouse Academy",4
"Self Made: Inspired by the Life of Madam C.J. Walker",1
She,1
"The English Game",1
"The Letter for the King",1
"Tiger King: Murder, Mayhem and Madness",1
Vampires,1
Caliphate,1
"Women Of The Night",1
"Shaun the Sheep: Adventures from Mossy Bottom",1
"We Speak Dance",1
"Ken Burns Presents: College Behind Bars: A Film by Lynn Novick and Produced by Sarah Botstein",1
"100 Humans",1
Bloodride,1
Kingdom,2
"The Valhalla Murders",1
"Dirty Money",2
"On My Block",3
"The Circle Brazil",1
"Ugly Delicious",2
"Mighty Little Bheem: Festival of Colors",1
Velvet,4
"Akame ga Kill!",1
"Babylon Berlin",3
"Calico Critters Mini Episodes Clover",1
"Always a Witch",2
"Queen Sono",1
"Toy Boy",1
Unstoppable,1
"Altered Carbon",2
Followers,1
"Six Windows in the Desert",1
"I Am Not Okay With This",1
"The Trials of Gabriel Fernandez",1
"Hi Bye, Mama!",1
"Unabomber - In His Own Words",1
Gentefied,1
Hyena,1
"Passion. Panache. Pep",1
"Puerta 7",1
